<?xml version="1.0" encoding="UTF-8" standalone="yes"?>
<addon id="plugin.video.myplaylist" name="Karls Playlist" version="5.1.6" provider-name="KH86">
  <requires>
    <import addon="script.module.beautifulsoup4" />
    <import addon="script.module.six" />
    <import addon="script.module.resolveurl" />
    <import addon="script.module.requests" />
    <import addon="script.module.inputstreamhelper" />
  </requires>
     <extension point="xbmc.python.pluginsource" library="default.py">
        <provides>audio video</provides>
    </extension>
  <extension point="xbmc.addon.metadata">
    <summary lang="en">XML template</summary>
    <description lang="en">Simple template for xml content</description>
    <platform>all</platform>
    <assets>
        <icon>icon.png</icon>
        <fanart>fanart.jpg</fanart>
    </assets>
  </extension>
</addon>
